{
  "dataset_path": "C:\\Users\\gshra\\OneDrive\\Desktop\\Enigma-AIML25\\level2-models\\SamyuktaGade\\datasets\\binary_classification.csv",
  "dataset_shape": [
    1000,
    2
  ],
  "splits": {
    "train_size": 650,
    "val_size": 150,
    "test_size": 200
  },
  "linear_regression": {
    "hyperparameters": {
      "learning_rate": 0.01,
      "l2_regularization": 0.05,
      "max_epochs": 5000
    },
    "training": {
      "epochs_run": 259,
      "converged": true,
      "final_loss": 0.12970007557252344,
      "time_sec": 0.008349299983819947
    },
    "metrics": {
      "train": {
        "accuracy": 0.8338461538461538,
        "precision": 0.8386075949367089,
        "recall": 0.8229813664596274,
        "f1": 0.8307210031347962,
        "confusion_matrix": {
          "TP": 265,
          "FP": 51,
          "FN": 57,
          "TN": 277
        }
      },
      "validation": {
        "accuracy": 0.8066666666666666,
        "precision": 0.7764705882352941,
        "recall": 0.868421052631579,
        "f1": 0.8198757763975155,
        "confusion_matrix": {
          "TP": 66,
          "FP": 19,
          "FN": 10,
          "TN": 55
        }
      },
      "test": {
        "accuracy": 0.86,
        "precision": 0.8490566037735849,
        "recall": 0.8823529411764706,
        "f1": 0.8653846153846154,
        "confusion_matrix": {
          "TP": 90,
          "FP": 16,
          "FN": 12,
          "TN": 82
        }
      }
    },
    "time_per_prediction_sec": 9.760999964782968e-08
  },
  "perceptron": {
    "hyperparameters": {
      "learning_rate": 0.1,
      "max_epochs": 1000,
      "early_stopping": false
    },
    "training": {
      "epochs_run": 1000,
      "converged": false,
      "time_sec": 1.952413199993316
    },
    "metrics": {
      "train": {
        "accuracy": 0.5846153846153846,
        "precision": 0.5866666666666667,
        "recall": 0.546583850931677,
        "f1": 0.5659163987138265,
        "confusion_matrix": {
          "TP": 176,
          "FP": 124,
          "FN": 146,
          "TN": 204
        }
      },
      "validation": {
        "accuracy": 0.5533333333333333,
        "precision": 0.5584415584415584,
        "recall": 0.5657894736842105,
        "f1": 0.5620915032679739,
        "confusion_matrix": {
          "TP": 43,
          "FP": 34,
          "FN": 33,
          "TN": 40
        }
      },
      "test": {
        "accuracy": 0.595,
        "precision": 0.6060606060606061,
        "recall": 0.5882352941176471,
        "f1": 0.5970149253731343,
        "confusion_matrix": {
          "TP": 60,
          "FP": 39,
          "FN": 42,
          "TN": 59
        }
      }
    },
    "time_per_prediction_sec": 4.549000004772097e-08
  }
}