{
    "dataset_1": {
        "dataset_path": "../datasets/binary_classification.csv",
        "n_samples": 600,
        "n_features": 2,
        "linear_regression": {
            "model_name": "Linear Regression",
            "training_time": 0.013808965682983398,
            "convergence_iteration": 239,
            "accuracy": 92.5,
            "mse": 0.09484270959901814,
            "total_prediction_time": 0.00014209747314453125,
            "time_per_prediction": 1.1841456095377604e-06,
            "n_test_samples": 120
        },
        "perceptron": {
            "model_name": "Perceptron",
            "training_time": 4.448230981826782,
            "convergence_iteration": 1000,
            "accuracy": 86.66666666666667,
            "mse": 0.13333333333333333,
            "total_prediction_time": 2.288818359375e-05,
            "time_per_prediction": 1.9073486328125e-07,
            "n_test_samples": 120
        }
    },
    "dataset_2": {
        "dataset_path": "../datasets/binary_classification_non_lin.csv",
        "n_samples": 800,
        "n_features": 2,
        "linear_regression": {
            "model_name": "Linear Regression",
            "training_time": 0.023815155029296875,
            "convergence_iteration": 240,
            "accuracy": 76.25,
            "mse": 0.1677084510328246,
            "total_prediction_time": 9.059906005859375e-06,
            "time_per_prediction": 5.662441253662109e-08,
            "n_test_samples": 160
        },
        "perceptron": {
            "model_name": "Perceptron",
            "training_time": 6.2876880168914795,
            "convergence_iteration": 1000,
            "accuracy": 78.75,
            "mse": 0.2125,
            "total_prediction_time": 2.3126602172851562e-05,
            "time_per_prediction": 1.4454126358032226e-07,
            "n_test_samples": 160
        }
    }
}