{
    "accuracy": 0.79125,
    "time_to_convergence": 0.007002115249633789,
    "time_per_prediction": 0.007002115249633789
}