{
    "accuracy": 0.8433333333333334,
    "time_to_convergence": 1.9045050144195557,
    "time_per_prediction": 1.9045050144195557
}