{
    "accuracy": 0.50125,
    "time_to_convergence": 1.671309471130371,
    "time_per_prediction": 1.671309471130371
}