{
    "accuracy": 0.8716666666666667,
    "time_to_convergence": 0.007997989654541016,
    "time_per_prediction": 0.007997989654541016
}