{
    "accuracy": 0.79625,
    "time_to_convergence": 2.551053285598755,
    "time_per_prediction": 2.551053285598755
}