{
    "accuracy": 0.8716666666666667,
    "time_to_convergence": 0.006997585296630859,
    "time_per_prediction": 0.006997585296630859
}