{
    "accuracy": 0.52,
    "time_to_convergence": 1.197507381439209,
    "time_per_prediction": 1.197507381439209
}