{
    "accuracy": 0.79125,
    "time_to_convergence": 0.007136106491088867,
    "time_per_prediction": 0.007136106491088867
}